{"#",d37179cf-8c0e-4a83-a8bb-e9ea4546fccd,166:80c2003048bfc5df11eb2d6506121e02}|Антифриз MFC|Антифриз MFC|Антифриз GLINT
{"#",d37179cf-8c0e-4a83-a8bb-e9ea4546fccd,166:80c2003048bfc5df11eb2d688597095f}|Тосол MFC|Тосол MFC|Тосол MFC
{"#",d37179cf-8c0e-4a83-a8bb-e9ea4546fccd,166:80c7003048bfc5df11eb5277490cde5f}|Аккумуляторы Forse|Аккумуляторы|Акумулятори Forse
{"#",d37179cf-8c0e-4a83-a8bb-e9ea4546fccd,166:80c7003048bfc5df11eb5277490cde60}|Аккумуляторы Forse Ista|Аккумуляторы|Акумулятори Forse Ista
{"#",d37179cf-8c0e-4a83-a8bb-e9ea4546fccd,166:80c7003048bfc5df11eb52776a79a6e8}|Аккумуляторы ZUBR|Аккумуляторы|Акумулятори ZUBR
{"#",d37179cf-8c0e-4a83-a8bb-e9ea4546fccd,166:80c7003048bfc5df11eb5277a2774700}|Аккумуляторы HORT|Автозапчасти "Hort"|Аккумуляторы HORT
{"#",d37179cf-8c0e-4a83-a8bb-e9ea4546fccd,166:80c7003048bfc5df11eb5277c82802bf}|Аккумуляторы EXIDE|Аккумуляторы|Акумулятори EXIDE
{"#",d37179cf-8c0e-4a83-a8bb-e9ea4546fccd,166:80c7003048bfc5df11eb5282b61514da}|Аккумуляторы MERCURY|Аккумуляторы|Акумулятори MERCURY
{"#",d37179cf-8c0e-4a83-a8bb-e9ea4546fccd,166:911f001517d39cec11e4345053314b48}|Пластик|Бачки, пластик (Украина)|Пластик
{"#",d37179cf-8c0e-4a83-a8bb-e9ea4546fccd,166:911f001517d39cec11e434509cb149d0}|Системы выпуска газов (отеч.) UI|Системы выпуска газов для отечественных автомобилей|Системы выпуска газов (отеч.) UI
{"#",d37179cf-8c0e-4a83-a8bb-e9ea4546fccd,166:911f001517d39cec11e434509cb149d1}|Системы выпуска газов (отеч.) UI|Системы выпуска газов для отечественных автомобилей|Системы выпуска газов (отеч.) UI
{"#",d37179cf-8c0e-4a83-a8bb-e9ea4546fccd,166:911f001517d39cec11e43450d8a6ad2c}|Датчики|Продукция ООО "Завод Автоприбор"|Датчики
{"#",d37179cf-8c0e-4a83-a8bb-e9ea4546fccd,166:911f001517d39cec11e43450e9277424}|Стеклоочистители|Электрооборудование ОАО "Калужский завод АЭ "Автомобильного электрооборудования"|Стеклоочистители
{"#",d37179cf-8c0e-4a83-a8bb-e9ea4546fccd,166:911f001517d39cec11e43450f46065c6}|Стартера|Электрооборудование производства Завод им.Тарасова|Стартера
{"#",d37179cf-8c0e-4a83-a8bb-e9ea4546fccd,166:911f001517d39cec11e43450f46065c7}|Электродвигатели и электровентиляторы|Продукция концерна "Прамо" Россия|Электродвигатели и электровентиляторы
{"#",d37179cf-8c0e-4a83-a8bb-e9ea4546fccd,166:911f001517d39cec11e434510509b4b8}|Реле|Электрооборудование ОАО "Калужский завод "Автоприбор"|Реле
{"#",d37179cf-8c0e-4a83-a8bb-e9ea4546fccd,166:911f001517d39cec11e46339f49797fe}|Генераторы Hort|Автозапчасти "Hort"|Генераторы
{"#",d37179cf-8c0e-4a83-a8bb-e9ea4546fccd,166:911f001517d39cec11e4633a180c3064}|Стартера Hort|Автозапчасти "Hort"|Стартера
{"#",d37179cf-8c0e-4a83-a8bb-e9ea4546fccd,166:911f001517d39cec11e4636a6fad1aba}|Омыватели GLINT|Омыватель GLINT|Омивачі  GLINT
{"#",d37179cf-8c0e-4a83-a8bb-e9ea4546fccd,166:9298001517d39cec11e5839b09854d6e}|Упоры газовые Hort|Автозапчасти "Hort"|Упори газові
{"#",d37179cf-8c0e-4a83-a8bb-e9ea4546fccd,166:92f7001517d39cec11e712c71fedc01c}|Насос топливный Magneti Marelli|Автозапчасти "MAGNETI MARELLI"|Насос паливний Magneti Marelli
{"#",d37179cf-8c0e-4a83-a8bb-e9ea4546fccd,166:92f7001517d39cec11e7193a46a65856}|Стойки стабилизатора HORT|Автозапчасти "Hort"|Стойки стабилизатора HORT
{"#",d37179cf-8c0e-4a83-a8bb-e9ea4546fccd,166:9c80001517d39cec11e4d90545180b2a}|Запчасти Таврия Запорожье|Автозапчасти Таврия|Автозапчасти Таврия Запорожье
{"#",d37179cf-8c0e-4a83-a8bb-e9ea4546fccd,166:9c80001517d39cec11e4fa00db297ed2}|Тернопольские глушители|Тернопольские глушители|Тернопольские глушители
{"#",d37179cf-8c0e-4a83-a8bb-e9ea4546fccd,166:9c80001517d39cec11e5133698458dca}|Фильтры Промбизнес, OSV|Фильтры Промбизнес, OSV|Фильтры Промбизнес, OSV
{"#",d37179cf-8c0e-4a83-a8bb-e9ea4546fccd,166:9cb8001517d39cec11e7cec7936380b8}|Масло моторное S-OIL|Масло S-OIL|Масло моторное S-OIL
{"#",d37179cf-8c0e-4a83-a8bb-e9ea4546fccd,166:9cb8001517d39cec11e7cecce671c85a}|Шайбы bcguma|Автозапчасти "bcguma"|Шайбы bcguma
{"#",d37179cf-8c0e-4a83-a8bb-e9ea4546fccd,166:9cb8001517d39cec11e7d05c926c9e10}|Фильтры (MFilter)|Фильтры|Фильтры (MFilter)
{"#",d37179cf-8c0e-4a83-a8bb-e9ea4546fccd,166:9cb8001517d39cec11e7d06368422219}|Масло трансмиссионое S-OIL|Масло S-OIL|Масло трансмиссионое S-OIL
{"#",d37179cf-8c0e-4a83-a8bb-e9ea4546fccd,166:9ce9001517d39cec11e47939992e2a16}|Омыватели Морж|Омыватели Морж|Омивачі  Морж
{"#",d37179cf-8c0e-4a83-a8bb-e9ea4546fccd,166:9ce9001517d39cec11e4900e8e6a3728}|Амортизаторы Hort|Автозапчасти "Hort"|Амортизаторы
{"#",d37179cf-8c0e-4a83-a8bb-e9ea4546fccd,166:a34f001517d39cec11e5717b86396976}|Тосол|Тосол|Тосол
{"#",d37179cf-8c0e-4a83-a8bb-e9ea4546fccd,166:a34f001517d39cec11e576f4a98cb7a0}|Аккумуляторы EUROSTART|Аккумуляторы|Акумулятори EUROSTART
{"#",d37179cf-8c0e-4a83-a8bb-e9ea4546fccd,166:a34f001517d39cec11e577321191226a}|Омыватели Заубер|Омыватель Заубер|Омивачі  Заубер
{"#",d37179cf-8c0e-4a83-a8bb-e9ea4546fccd,166:a79d001517d39cec11e807500b338dcb}|Детали кузова BLIC|Детали кузова "BLIC"|Детали кузова BLIC
{"#",d37179cf-8c0e-4a83-a8bb-e9ea4546fccd,166:aa8e0025909438d711e82385b8d45be3}|Детали кузова Klokkerholm|Детали кузова "Klokkerholm"|Детали кузова Klokkerholm
{"#",d37179cf-8c0e-4a83-a8bb-e9ea4546fccd,166:aa8f0025909438d711e8551f0c2c1f5f}|Масло моторное Nanoprotec|Масло Nanoprotec|Масло моторное Nanoprotec
{"#",d37179cf-8c0e-4a83-a8bb-e9ea4546fccd,166:aa8f0025909438d711e8574226996f55}|Масло трансмиссионное Nanoprotec|Масло Nanoprotec|Масло трансмісійне Nanoprotec
{"#",d37179cf-8c0e-4a83-a8bb-e9ea4546fccd,166:aa8f0025909438d711e8574cca70685f}|Антифриз Nanoprotec|Антифриз Nanoprotec|Антифриз Nanoprotec
{"#",d37179cf-8c0e-4a83-a8bb-e9ea4546fccd,166:aa8f0025909438d711e85a6af05a3d5a}|Диски тормозные GV|Колодки тормозные передние GV|Диски тормозные GV
{"#",d37179cf-8c0e-4a83-a8bb-e9ea4546fccd,166:aa8f0025909438d711e864bb04d18db1}|Подушка подвески глушителя HORT|Автозапчасти "Hort"|Подушка подвески глушителя HORT
{"#",d37179cf-8c0e-4a83-a8bb-e9ea4546fccd,166:aa8f0025909438d711e864bb8806d0f4}|Прокладка крышки клапанов HORT|Автозапчасти "Hort"|Прокладка крышки клапанов HORT
{"#",d37179cf-8c0e-4a83-a8bb-e9ea4546fccd,166:aa8f0025909438d711e864bbd9bd51a1}|Сайлентблоки HORT|Автозапчасти "Hort"|Сайлентблоки HORT
{"#",d37179cf-8c0e-4a83-a8bb-e9ea4546fccd,166:aa8f0025909438d711e86e3824b8fda2}|Диски  тормозные Hort|Автозапчасти "Hort"|Диски гальмивні Hort
{"#",d37179cf-8c0e-4a83-a8bb-e9ea4546fccd,166:aa8f0025909438d711e8706c0479fd7d}|Барабаны  тормозные Hort|Автозапчасти "Hort"|Барабани гальмивні Hort
{"#",d37179cf-8c0e-4a83-a8bb-e9ea4546fccd,166:aa900025909438d711e8a53fa6644398}|Смазочная композиция Nanoprotec|Масло Nanoprotec|Змащувальна композиція Nanoprotec
{"#",d37179cf-8c0e-4a83-a8bb-e9ea4546fccd,166:aa900025909438d711e8a9d7395bbe0d}|Лампы галогеновые фарные||Лампи галогенові фарні
{"#",d37179cf-8c0e-4a83-a8bb-e9ea4546fccd,166:aa900025909438d711e8a9d8586c6c18}|Лампы галогеновые фарные NAVIS|"NAVIS" Автозапчасти|Лампи галогенові фарні NAVIS
{"#",d37179cf-8c0e-4a83-a8bb-e9ea4546fccd,166:aa900025909438d711e8a9d8fe0e5d4a}|Лампы габарит,стоп,поворот,салона,наборы NAVIS|"NAVIS" Автозапчасти|Лампы габарит,стоп,поворот,салона,наборы NAVIS
{"#",d37179cf-8c0e-4a83-a8bb-e9ea4546fccd,166:aa900025909438d711e8ac288255f6c5}|В багажник|В багажник|В багажник
{"#",d37179cf-8c0e-4a83-a8bb-e9ea4546fccd,166:aa900025909438d711e8ac3648c1a237}|Крепежи, монтажные элементы и материалы|Крепежи, монтажные элементы и материалы|Крепежи, монтажные элементы и материалы
{"#",d37179cf-8c0e-4a83-a8bb-e9ea4546fccd,166:aa900025909438d711e8ac473d83f856}|Ремонтные элементы глушителей|Ремонтные элементы глушителей|Ремонтные элементы глушителей
{"#",d37179cf-8c0e-4a83-a8bb-e9ea4546fccd,166:aa900025909438d711e8acf947a610c0}|Стойка амортизатора (Стакан)|Стойка амортизатора (Стакан)|Стойка амортизатора (Стакан)
{"#",d37179cf-8c0e-4a83-a8bb-e9ea4546fccd,166:aa930025909438d611e8d04d93b5b58f}|Датчики ABS Autlog|Автозапчасти "Autlog"|Датчики ABS Autlog
{"#",d37179cf-8c0e-4a83-a8bb-e9ea4546fccd,166:aa930025909438d611e8d04fc0b24db5}|Кольцо ABS Autlog|Автозапчасти "Autlog"|Кольцо ABS Autlog
{"#",d37179cf-8c0e-4a83-a8bb-e9ea4546fccd,166:aa930025909438d611e8d04ff1a1f31b}|Датчики абсолютного давления колектора Autlog|Автозапчасти "Autlog"|Датчики абсолютного давления колектора Autlog
{"#",d37179cf-8c0e-4a83-a8bb-e9ea4546fccd,166:aa930025909438d611e8d0500ac4a24c}|Датчик давления масла Autlog|Автозапчасти "Autlog"|Датчик давления масла Autlog
{"#",d37179cf-8c0e-4a83-a8bb-e9ea4546fccd,166:aa930025909438d611e8d0501812255a}|Датчик давления отработавших газов Autlog|Автозапчасти "Autlog"|Датчик давления отработавших газов Autlog
{"#",d37179cf-8c0e-4a83-a8bb-e9ea4546fccd,166:aa930025909438d611e8d0504a08eea3}|Датчик детонации Autlog|Автозапчасти "Autlog"|Датчик детонации Autlog
{"#",d37179cf-8c0e-4a83-a8bb-e9ea4546fccd,166:aa930025909438d611e8d050597299eb}|Регулятор фаз ГРМ Autlog|Автозапчасти "Autlog"|Регулятор фаз ГРМ Autlog
{"#",d37179cf-8c0e-4a83-a8bb-e9ea4546fccd,166:aa930025909438d611e8d0506d4a86a2}|Датчик положения коленчатого вала Autlog|Автозапчасти "Autlog"|Датчик положения коленчатого вала Autlog
{"#",d37179cf-8c0e-4a83-a8bb-e9ea4546fccd,166:aa930025909438d611e8d050764bf6fa}|Датчик положения распредвала Autlog|Автозапчасти "Autlog"|Датчик положения распредвала Autlog
{"#",d37179cf-8c0e-4a83-a8bb-e9ea4546fccd,166:aa930025909438d611e8d0508a18cd11}|Датчик скорости Autlog|Автозапчасти "Autlog"|Датчик скорости Autlog
{"#",d37179cf-8c0e-4a83-a8bb-e9ea4546fccd,166:aa930025909438d611e8d05099989bce}|Датчик температуры выхлопных газов Autlog|Автозапчасти "Autlog"|Датчик температуры выхлопных газов Autlog
{"#",d37179cf-8c0e-4a83-a8bb-e9ea4546fccd,166:aa930025909438d611e8d050bbf5c840}|Датчик температуры охлаждающей жидкости Autlog|Автозапчасти "Autlog"|Датчик температуры охлаждающей жидкости Autlog
{"#",d37179cf-8c0e-4a83-a8bb-e9ea4546fccd,166:aa930025909438d611e8d050de48653e}|Датчик уровня масла в двигателе Autlog|Автозапчасти "Autlog"|Датчик уровня масла в двигателе Autlog
{"#",d37179cf-8c0e-4a83-a8bb-e9ea4546fccd,166:aa930025909438d611e8d0532426b393}|Водяной насос + ремни ГРМ, ролики Autlog|Автозапчасти "Autlog"|Водяной насос + ремни ГРМ, ролики Autlog
{"#",d37179cf-8c0e-4a83-a8bb-e9ea4546fccd,166:aa930025909438d611e8d054a71f0b12}|Ремень ГРМ + ролики Autlog|Автозапчасти "Autlog"|Ремень ГРМ + ролики Autlog
{"#",d37179cf-8c0e-4a83-a8bb-e9ea4546fccd,166:aa930025909438d611e8d1ec3a09437b}|Датчик температуры внешнего воздуха Autlog|Автозапчасти "Autlog"|Датчик температуры внешнего воздуха Autlog
{"#",d37179cf-8c0e-4a83-a8bb-e9ea4546fccd,166:aa930025909438d611e8d1ec485b5957}|Датчик температуры в салоне автомобиля Autlog|Автозапчасти "Autlog"|Датчик температуры в салоне автомобиля Autlog
{"#",d37179cf-8c0e-4a83-a8bb-e9ea4546fccd,166:aa930025909438d611e8d1efcf5a8890}|Датчик включения вентилятора Autlog|Автозапчасти "Autlog"|Датчик включения вентилятора Autlog
{"#",d37179cf-8c0e-4a83-a8bb-e9ea4546fccd,166:aa930025909438d611e8d2de1fdaaf9d}|Датчик температуры впускаемого воздуха Autlog|Автозапчасти "Autlog"|Датчик температуры впускаемого воздуха Autlog
{"#",d37179cf-8c0e-4a83-a8bb-e9ea4546fccd,166:aa930025909438d611e8d2dfe5a4a72b}|Клапан рециркуляции отработанных газов Autlog|Автозапчасти "Autlog"|Клапан рециркуляции отработанных газов Autlog
{"#",d37179cf-8c0e-4a83-a8bb-e9ea4546fccd,166:aa930025909438d611e8d921657ac098}|Втулки рессоры bcguma|Автозапчасти "bcguma"|Втулки рессоры bcguma
{"#",d37179cf-8c0e-4a83-a8bb-e9ea4546fccd,166:aa930025909438d611e8d921b1e60aa6}|Сайлентблоки bcguma|Автозапчасти "bcguma"|Сайлентблоки bcguma
{"#",d37179cf-8c0e-4a83-a8bb-e9ea4546fccd,166:aa930025909438d611e8d921d589b8ef}|Подушки двигателя bcguma|Автозапчасти "bcguma"|Подушки двигателя bcguma
{"#",d37179cf-8c0e-4a83-a8bb-e9ea4546fccd,166:aa930025909438d611e8d9252f93835d}|Втулки, подушки стабилизатора bcguma|Автозапчасти "bcguma"|Втулки, подушки стабилизатора bcguma
{"#",d37179cf-8c0e-4a83-a8bb-e9ea4546fccd,166:aa930025909438d611e8d9253cfd381e}|Втулки амортизатора bcguma|Автозапчасти "bcguma"|Втулки амортизатора bcguma
{"#",d37179cf-8c0e-4a83-a8bb-e9ea4546fccd,166:aa930025909438d611e8db6c1672086b}|Маслосъемный щиток вентиляция картера Autlog|Автозапчасти "Autlog"|Маслосъемный щиток вентиляция картера Autlog
{"#",d37179cf-8c0e-4a83-a8bb-e9ea4546fccd,166:aa930025909438d611e8dcef6bedf9d7}|Пыльник шаровой опоры bcguma|Автозапчасти "bcguma"|Пыльник шаровой опоры bcguma
{"#",d37179cf-8c0e-4a83-a8bb-e9ea4546fccd,166:aa930025909438d611e8dd1e4e8a6639}|Накладки педали bcguma|Автозапчасти "bcguma"|Накладки педали bcguma
{"#",d37179cf-8c0e-4a83-a8bb-e9ea4546fccd,166:aa930025909438d611e8e4018905c4e2}|Шкив коленвала Autlog|Автозапчасти "Autlog"|Шкив коленвала Autlog
{"#",d37179cf-8c0e-4a83-a8bb-e9ea4546fccd,166:aa930025909438d611e8e402d8ef8408}|Натяжитель цепи ГРМ Autlog|Автозапчасти "Autlog"|Натяжитель цепи ГРМ Autlog
{"#",d37179cf-8c0e-4a83-a8bb-e9ea4546fccd,166:aa930025909438d611e8e40310d7ad74}|Датчик массового расхода воздуха Autlog|Автозапчасти "Autlog"|Датчик массового расхода воздуха Autlog
{"#",d37179cf-8c0e-4a83-a8bb-e9ea4546fccd,166:aa930025909438d611e8e404db9dfcb3}|Распределительный вал Autlog|Автозапчасти "Autlog"|Распределительный вал Autlog
{"#",d37179cf-8c0e-4a83-a8bb-e9ea4546fccd,166:aa930025909438d611e8ee5863908444}|Склад партнеров AVA|Склад партнеров AVA|Склад партнеров AVA
{"#",d37179cf-8c0e-4a83-a8bb-e9ea4546fccd,166:aa930025909438d611e8f22653371024}|Омыватели Пингвин|Омыватель Пингвин|Омыватели Пингвин
{"#",d37179cf-8c0e-4a83-a8bb-e9ea4546fccd,166:aa930025909438d611e9081d750f2a6e}|Втулки, резинки, прокладки, сайлентблоки ДТК Днепр|Автозапчасти "ДТК Днепр"|Втулки, резинки, прокладки, сайлентблоки ДТК Днепр
{"#",d37179cf-8c0e-4a83-a8bb-e9ea4546fccd,166:aa930025909438d611e9199a68d0478d}|Щетки стеклоочистителя NAVIS|"NAVIS" Автозапчасти|Щітки склоочисника NAVIS
{"#",d37179cf-8c0e-4a83-a8bb-e9ea4546fccd,166:aa930025909438d611e94fc80757c8df}|Жидкость тормозная Дзержинский|Жидкость тормозная Дзержинский|Тормозная жидкость
{"#",d37179cf-8c0e-4a83-a8bb-e9ea4546fccd,166:aa930025909438d611e9516a91e00d66}|Втулки, резинки, прокладки, сайлентблоки БРТ|Автозапчасти "БРТ"|Втулки, резинки, прокладки, сайлентблоки БРТ
{"#",d37179cf-8c0e-4a83-a8bb-e9ea4546fccd,166:aa930025909438d611e95546ac603544}|Опоры шаровые Hort|Автозапчасти "Hort"|Опоры шаровые Hort
{"#",d37179cf-8c0e-4a83-a8bb-e9ea4546fccd,166:aa930025909438d611e9554e6a9d4b69}|Рулевые наконечники и тяги Hort|Автозапчасти "Hort"|Рулевые наконечники и тяги Hort
{"#",d37179cf-8c0e-4a83-a8bb-e9ea4546fccd,166:aa930025909438d611e955eb54972445}|Рычаги подвески Hort|Автозапчасти "Hort"|Рычаги подвески Hort
{"#",d37179cf-8c0e-4a83-a8bb-e9ea4546fccd,166:aa930025909438d611e955f4418db358}|Кронштейн Hort|Автозапчасти "Hort"|Кронштейн Hort
{"#",d37179cf-8c0e-4a83-a8bb-e9ea4546fccd,166:aa930025909438d611e956b2cad0bcd4}|Детали кузова Polcar|Детали кузова Polcar|Детали кузова Polcar
{"#",d37179cf-8c0e-4a83-a8bb-e9ea4546fccd,166:aa930025909438d611e956b37749c715}|Насосы омывателя|Насосы омывателя|Насосы омывателя
{"#",d37179cf-8c0e-4a83-a8bb-e9ea4546fccd,166:aa930025909438d611e956b3aadf9d36}|Модуль реле свечи накала|Модуль реле свечи накала|Модуль реле свечи накала
{"#",d37179cf-8c0e-4a83-a8bb-e9ea4546fccd,166:aa930025909438d611e956b70656c388}|Пружины подвески|Пружины подвески|Пружины подвески
{"#",d37179cf-8c0e-4a83-a8bb-e9ea4546fccd,166:aa930025909438d611e956b79459cc35}|Фильтра|Фильтра|Фильтра
{"#",d37179cf-8c0e-4a83-a8bb-e9ea4546fccd,166:aa930025909438d611e956b9eb5746d0}|Опоры шаровые|Опоры шаровые|Опоры шаровые
{"#",d37179cf-8c0e-4a83-a8bb-e9ea4546fccd,166:aa930025909438d611e956ba160fb6d6}|Электрооборудование|Электрооборудование|Электрооборудование
{"#",d37179cf-8c0e-4a83-a8bb-e9ea4546fccd,166:aa930025909438d611e956ba58ae701a}|Монтажные элементы|Монтажные элементы|Монтажные элементы
{"#",d37179cf-8c0e-4a83-a8bb-e9ea4546fccd,166:aa930025909438d611e956badb0375e3}|Втулки, резинки, прокладки, сайлентблоки|Втулки, резинки, прокладки, сайлентблоки|Втулки, резинки, прокладки, сайлентблоки
{"#",d37179cf-8c0e-4a83-a8bb-e9ea4546fccd,166:aa930025909438d611e957947a08f2f2}|Подушка опоры двигателя HORT|Автозапчасти "Hort"|Подушка опори двигуна HORT
{"#",d37179cf-8c0e-4a83-a8bb-e9ea4546fccd,166:aa930025909438d611e9579a53de738c}|Втулки реактивной штанги HORT|Автозапчасти "Hort"|Втулки реактивной штанги HORT
{"#",d37179cf-8c0e-4a83-a8bb-e9ea4546fccd,166:aa930025909438d611e9579c91f0bd78}|Опора карданного вала Hort|Автозапчасти "Hort"|Опора карданного вала Hort
{"#",d37179cf-8c0e-4a83-a8bb-e9ea4546fccd,166:aa930025909438d611e972f0752b082e}|Тосол GLINT|Тосол GLINT|Тосол GLINT
{"#",d37179cf-8c0e-4a83-a8bb-e9ea4546fccd,166:aa930025909438d611e972f08f39d2b1}|Антифриз GLINT|Антифриз GLINT|Антифриз GLINT
{"#",d37179cf-8c0e-4a83-a8bb-e9ea4546fccd,166:aa930025909438d611e996722f733796}|Гидроцилиндр подъема кабины Fenox|Гидроцилиндры|Гидроцилиндр подъема кабины Fenox
{"#",d37179cf-8c0e-4a83-a8bb-e9ea4546fccd,166:aa930025909438d611e99672bbe8248a}|Вода дистиллированная New Formula|Вода дистиллированная|Вода дистиллированная New Formula
{"#",d37179cf-8c0e-4a83-a8bb-e9ea4546fccd,166:aa950025909438d711e9ad3d21bc05fc}|Ролики ГРМ  Hort|Автозапчасти "Hort"|Ролики ГРМ  Hort
{"#",d37179cf-8c0e-4a83-a8bb-e9ea4546fccd,166:aa950025909438d711e9ad3fd8702eba}|РеменьГРМ +ролики Hort|Автозапчасти "Hort"|РеменьГРМ +ролики Hort
{"#",d37179cf-8c0e-4a83-a8bb-e9ea4546fccd,166:aa950025909438d711e9bf60ad3f4154}|Рессоры подвески Hort|Автозапчасти "Hort"|Рессоры подвески Hort
{"#",d37179cf-8c0e-4a83-a8bb-e9ea4546fccd,166:aa980025909438d611ea74b09e41973a}|Кронштейн Autlog|Автозапчасти "Autlog"|Кронштейн Autlog
{"#",d37179cf-8c0e-4a83-a8bb-e9ea4546fccd,166:aa980025909438d611ea9f266d6c8c46}|Пружины подвески Hort|Автозапчасти "Hort"|Пружини подвески Hort
{"#",d37179cf-8c0e-4a83-a8bb-e9ea4546fccd,166:aa990025909438d611eaab1e6f10e007}|Ролики двери  Hort|Автозапчасти "Hort"|Ролики двері  Hort
{"#",d37179cf-8c0e-4a83-a8bb-e9ea4546fccd,166:aa990025909438d611eab20d5d14a618}|Лампы Tungsram|"Tungsram" Автозапчасти|Лампы Tungsram
{"#",d37179cf-8c0e-4a83-a8bb-e9ea4546fccd,166:aa990025909438d611eab20d6378cff0}|Лампы МАЯК|"МАЯК" Автозапчасти|Лампы МАЯК
{"#",d37179cf-8c0e-4a83-a8bb-e9ea4546fccd,166:aa9a0025909438d711ead7c3b8f82011}|Пыльник рулевого наконечника bcguma|Автозапчасти "bcguma"|Пыльник рулевого наконечника bcguma
{"#",d37179cf-8c0e-4a83-a8bb-e9ea4546fccd,166:aaa10025909438d711eae6ae5b224676}|Подшипник Autlog|Автозапчасти "Autlog"|Подшипник Autlog
{"#",d37179cf-8c0e-4a83-a8bb-e9ea4546fccd,166:aaa10025909438d711eaf981eaefd490}|Лампы головного света LED NAVIS|"NAVIS" Автозапчасти|Лампы головного света LED NAVIS
{"#",d37179cf-8c0e-4a83-a8bb-e9ea4546fccd,166:aaa30025909438d511eb094654a8dd00}|Подушки резиновые универсальные bcguma|Автозапчасти "bcguma"|Подушки резиновые универсальные bcguma
{"#",d37179cf-8c0e-4a83-a8bb-e9ea4546fccd,166:ab77001517d39cec11e7a29296c01e6f}|Тестер аккумулятра и генератора|Автозапчасти "MAGNETI MARELLI"|Тестер акумулятра і генератора
{"#",d37179cf-8c0e-4a83-a8bb-e9ea4546fccd,166:ae63001517d39cec11e6769d02b746cd}|Патрубки радиатора Hort|Автозапчасти "Hort"|Патрубки радиатора
{"#",d37179cf-8c0e-4a83-a8bb-e9ea4546fccd,166:ae63001517d39cec11e678bab695b5f6}|Патрубки отопителя Hort|Автозапчасти "Hort"|Патрубки радиатора
{"#",d37179cf-8c0e-4a83-a8bb-e9ea4546fccd,166:ae9a001517d39cec11e3fca8123a3373}|Лампы галогеновые фарные Magneti Marelli|Автозапчасти "MAGNETI MARELLI"|Лампи галогенові фарні Magneti Marelli
{"#",d37179cf-8c0e-4a83-a8bb-e9ea4546fccd,166:ae9a001517d39cec11e3fca8123a337e}|Прокладки|Прокладки и рем. комплекты карбюратора|Прокладки
{"#",d37179cf-8c0e-4a83-a8bb-e9ea4546fccd,166:ae9a001517d39cec11e3fca8123a3386}|Интересные предложения|Интересные предложения|Интересные предложения
{"#",d37179cf-8c0e-4a83-a8bb-e9ea4546fccd,166:ae9a001517d39cec11e3fca8123a338f}|Системы выпуска газов (отеч.) UI|Системы выпуска газов для отечественных автомобилей|Системы выпуска газов (отеч.) UI
{"#",d37179cf-8c0e-4a83-a8bb-e9ea4546fccd,166:ae9a001517d39cec11e3fca8123a3398}|Системы выпуска газов (отеч.) UI|Системы выпуска газов для отечественных автомобилей|Системы выпуска газов (отеч.) UI
{"#",d37179cf-8c0e-4a83-a8bb-e9ea4546fccd,166:ae9a001517d39cec11e3fca81e2f7ecf}|Балки, рычаги подвески, защита картера Арат|Балки, рычаги подвески, защита картера "Арат"|Балки, рычаги подвески, защита картера Арат
{"#",d37179cf-8c0e-4a83-a8bb-e9ea4546fccd,166:ae9a001517d39cec11e3fca81e2f7ed9}|Системы выпуска газов (иномарок)|Системы выпуска газов для иномарок|Системы выпуска газов (иномарок) UI
{"#",d37179cf-8c0e-4a83-a8bb-e9ea4546fccd,166:ae9a001517d39cec11e3fca81e2f7ee8}|Автогидроцилиндры Fenox|Гидроцилиндры|Автогидроцилиндры
{"#",d37179cf-8c0e-4a83-a8bb-e9ea4546fccd,166:ae9a001517d39cec11e3fca82427c238}|Термостаты (Владимир)|Продукция концерна "Прамо" Россия|Термостаты (Владимир)
{"#",d37179cf-8c0e-4a83-a8bb-e9ea4546fccd,166:ae9a001517d39cec11e3fca82427c246}|Электрооборудование|Продукция ОАО "Автокомплект"|Электрооборудование
{"#",d37179cf-8c0e-4a83-a8bb-e9ea4546fccd,166:ae9a001517d39cec11e3fca82427c24d}|Шланги тормозные Fenox|Амортизаторы, барабаны тормозные и диски, насосы водяные, опоры шаровые, рул. наконечники, цепи|Шланги тормозные
{"#",d37179cf-8c0e-4a83-a8bb-e9ea4546fccd,166:ae9a001517d39cec11e3fca82a357aa0}|Фары, элементы оптические|Светотехнические приборы|Фары, элементы оптические
{"#",d37179cf-8c0e-4a83-a8bb-e9ea4546fccd,166:ae9a001517d39cec11e3fca82a357aa7}|Рулевые наконечники и тяги Fenox|Амортизаторы, барабаны тормозные и диски, насосы водяные, опоры шаровые, рул. наконечники, цепи|Рулевые наконечники и тяги
{"#",d37179cf-8c0e-4a83-a8bb-e9ea4546fccd,166:ae9a001517d39cec11e3fca82a357aae}|2108|Трубки тормозные|2108
{"#",d37179cf-8c0e-4a83-a8bb-e9ea4546fccd,166:ae9a001517d39cec11e3fca82a357ab6}|2121|Трубки тормозные|2121
{"#",d37179cf-8c0e-4a83-a8bb-e9ea4546fccd,166:ae9a001517d39cec11e3fca82a357abc}|Барабаны тормозные Fenox|Амортизаторы, барабаны тормозные и диски, насосы водяные, опоры шаровые, рул. наконечники, цепи|Барабаны тормозные
{"#",d37179cf-8c0e-4a83-a8bb-e9ea4546fccd,166:ae9a001517d39cec11e3fca82a357ac9}|Амортизаторы HOLA|Автозапчасти "HOLA"|Амортизаторы
{"#",d37179cf-8c0e-4a83-a8bb-e9ea4546fccd,166:ae9a001517d39cec11e3fca82a357ad1}|ШРУС (Шарниры равных угловых скоростей) HOLA|Автозапчасти "HOLA"|ШРУС (Шарниры равных угловых скоростей)
{"#",d37179cf-8c0e-4a83-a8bb-e9ea4546fccd,166:ae9a001517d39cec11e3fca82a357ad8}|Элементы передней подвески HOLA|Автозапчасти "HOLA"|Элементы передней подвески
{"#",d37179cf-8c0e-4a83-a8bb-e9ea4546fccd,166:ae9a001517d39cec11e3fca83030205a}|Провода высоковольтные CLASSIC|Автозапчасти "WEEN"|Провода высоковольтные CLASSIC
{"#",d37179cf-8c0e-4a83-a8bb-e9ea4546fccd,166:ae9a001517d39cec11e3fca830302064}|Термостаты WEEN|Автозапчасти "WEEN"|Термостаты WEEN
{"#",d37179cf-8c0e-4a83-a8bb-e9ea4546fccd,166:ae9a001517d39cec11e3fca83030207b}|Диски тормозные Fenox|Амортизаторы, барабаны тормозные и диски, насосы водяные, опоры шаровые, рул. наконечники, цепи|Диски тормозные
{"#",d37179cf-8c0e-4a83-a8bb-e9ea4546fccd,166:ae9a001517d39cec11e3fca830302087}|ШРУС (шарниры равных угловых скоростей) Finwhale|Автозапчасти "Finwhale"|ШРУС (шарниры равных угловых скоростей)
{"#",d37179cf-8c0e-4a83-a8bb-e9ea4546fccd,166:ae9a001517d39cec11e3fca836344f71}|Колодки тормозные Finwhale|Автозапчасти "Finwhale"|Колодки тормозные
{"#",d37179cf-8c0e-4a83-a8bb-e9ea4546fccd,166:ae9a001517d39cec11e3fca836344f76}|Провода высоковольтные Finwhale|Автозапчасти "Finwhale"|Провода высоковольтные
{"#",d37179cf-8c0e-4a83-a8bb-e9ea4546fccd,166:ae9a001517d39cec11e3fca836344f7c}|Свечи зажигания Finwhale|Автозапчасти "Finwhale"|Свечи зажигания
{"#",d37179cf-8c0e-4a83-a8bb-e9ea4546fccd,166:ae9a001517d39cec11e3fca836344f83}|Ремни, ролики ГРМ Finwhale|Автозапчасти "Finwhale"|Ремни, ролики ГРМ
{"#",d37179cf-8c0e-4a83-a8bb-e9ea4546fccd,166:ae9a001517d39cec11e3fca836344f8e}|Амортизаторы Finwhale|Автозапчасти "Finwhale"|Амортизаторы
{"#",d37179cf-8c0e-4a83-a8bb-e9ea4546fccd,166:ae9a001517d39cec11e3fca836344f95}|Элементы передней подвески Finwhale|Автозапчасти "Finwhale"|Элементы передней подвески
{"#",d37179cf-8c0e-4a83-a8bb-e9ea4546fccd,166:ae9a001517d39cec11e3fca83c446a51}|Сцепление Fenox|Амортизаторы, барабаны тормозные и диски, насосы водяные, опоры шаровые, рул. наконечники, цепи|Сцепление
{"#",d37179cf-8c0e-4a83-a8bb-e9ea4546fccd,166:ae9a001517d39cec11e3fca83c446a59}|Амортизаторы Fenox|Амортизаторы, барабаны тормозные и диски, насосы водяные, опоры шаровые, рул. наконечники, цепи|Амортизаторы
{"#",d37179cf-8c0e-4a83-a8bb-e9ea4546fccd,166:ae9a001517d39cec11e3fca83c446a62}|Гидроцилиндры Базальт|Гидроцилиндры, тормозные барабаны и диски|Гидроцилиндры
{"#",d37179cf-8c0e-4a83-a8bb-e9ea4546fccd,166:ae9a001517d39cec11e3fca83c446a6c}|Генераторы|Электрооборудование: генераторы, стартера, свечи зажигания, провода высоковольтные|Генераторы
{"#",d37179cf-8c0e-4a83-a8bb-e9ea4546fccd,166:ae9a001517d39cec11e3fca83c446a75}|Колодки FriCo|Колодки "FriCo"|Колодки FriCo
{"#",d37179cf-8c0e-4a83-a8bb-e9ea4546fccd,166:ae9a001517d39cec11e3fca83c446a81}|Подшипники качения HOLA|Автозапчасти "HOLA"|Подшипники качения
{"#",d37179cf-8c0e-4a83-a8bb-e9ea4546fccd,166:ae9a001517d39cec11e3fca8423f100f}|Автозапчасти Daewoo|Автозапчасти Daewoo|Автозапчасти Daewoo
{"#",d37179cf-8c0e-4a83-a8bb-e9ea4546fccd,166:ae9a001517d39cec11e3fca8423f101c}|Щетки стеклоочистителя Finwhale|Автозапчасти "Finwhale"|Щетки стеклоочистителя
{"#",d37179cf-8c0e-4a83-a8bb-e9ea4546fccd,166:ae9a001517d39cec11e3fca8423f1022}|Колодки GV|Колодки тормозные передние GV|Колодки GV
{"#",d37179cf-8c0e-4a83-a8bb-e9ea4546fccd,166:ae9a001517d39cec11e3fca8423f1032}|Фильтры Альфа|Фильтры|Фильтры Альфа
{"#",d37179cf-8c0e-4a83-a8bb-e9ea4546fccd,166:ae9a001517d39cec11e3fca848375376}|Насосы водяные Hort|Автозапчасти "Hort"|Насосы водяные Hort
{"#",d37179cf-8c0e-4a83-a8bb-e9ea4546fccd,166:ae9a001517d39cec11e3fca84837537c}|Щетки стеклоочистителя HOLA|Автозапчасти "HOLA"|Щетки стеклоочистителя
{"#",d37179cf-8c0e-4a83-a8bb-e9ea4546fccd,166:ae9a001517d39cec11e3fca848375388}|Провода высоковольтные HOLA|Автозапчасти "HOLA"|Провода высоковольтные
{"#",d37179cf-8c0e-4a83-a8bb-e9ea4546fccd,166:ae9a001517d39cec11e3fca84837538e}|Стартеры (АТЭ-1)|Генераторы, стартеры АТЭ-1|Стартеры (АТЭ-1)
{"#",d37179cf-8c0e-4a83-a8bb-e9ea4546fccd,166:ae9a001517d39cec11e3fca84e5ce374}|Колодки тормозные HOLA|Автозапчасти "HOLA"|Колодки тормозные
{"#",d37179cf-8c0e-4a83-a8bb-e9ea4546fccd,166:ae9a001517d39cec11e3fca84e5ce395}|Свечи зажигания WEEN Toyota|Автозапчасти "WEEN Toyota Tsusho Corporation"|Свечи зажигания
{"#",d37179cf-8c0e-4a83-a8bb-e9ea4546fccd,166:ae9a001517d39cec11e3fca84e5ce39a}|Провода высоковольтные WEEN Toyota|Автозапчасти "WEEN Toyota Tsusho Corporation"|Провода высоковольтные
{"#",d37179cf-8c0e-4a83-a8bb-e9ea4546fccd,166:ae9a001517d39cec11e3fca85457891b}|Колодки тормозные (иномарки) HOLA|Автозапчасти "HOLA" (иномарки)|Колодки тормозные (иномарки)
{"#",d37179cf-8c0e-4a83-a8bb-e9ea4546fccd,166:ae9a001517d39cec11e3fca854578920}|Фильтры (иномарки) HOLA|Автозапчасти "HOLA" (иномарки)|Фильтры (иномарки)
{"#",d37179cf-8c0e-4a83-a8bb-e9ea4546fccd,166:ae9a001517d39cec11e3fca854578933}|Провода высоковольтные High Perfomance Hort|Автозапчасти "Hort"|Провода высоковольтные High Perfomance
{"#",d37179cf-8c0e-4a83-a8bb-e9ea4546fccd,166:ae9a001517d39cec11e3fca854578937}|Провода высоковольтные Silicone Hort|Автозапчасти "Hort"|Провода высоковольтные Silicone
{"#",d37179cf-8c0e-4a83-a8bb-e9ea4546fccd,166:ae9a001517d39cec11e3fca854578943}|Термостаты WEEN Toyota|Автозапчасти "WEEN Toyota Tsusho Corporation"|Термостаты
{"#",d37179cf-8c0e-4a83-a8bb-e9ea4546fccd,166:ae9a001517d39cec11e3fca85457894b}|Щетки стеклоочистителя WEEN Toyota|Автозапчасти "WEEN Toyota Tsusho Corporation"|Щетки стеклоочистителя
{"#",d37179cf-8c0e-4a83-a8bb-e9ea4546fccd,166:ae9a001517d39cec11e3fca85a902bf0}|Ремни Hort|Автозапчасти "Hort"|Ремни
{"#",d37179cf-8c0e-4a83-a8bb-e9ea4546fccd,166:ae9a001517d39cec11e3fca85a902bf9}|Термостаты Hort|Автозапчасти "Hort"|Термостаты Hort
{"#",d37179cf-8c0e-4a83-a8bb-e9ea4546fccd,166:ae9a001517d39cec11e3fca85a902c06}|Радиаторы HOLA|Автозапчасти "HOLA"|Радиаторы
{"#",d37179cf-8c0e-4a83-a8bb-e9ea4546fccd,166:ae9a001517d39cec11e3fca85a902c12}|Генераторы (АТЭ-1)|Генераторы, стартеры АТЭ-1|Генераторы (АТЭ-1)
{"#",d37179cf-8c0e-4a83-a8bb-e9ea4546fccd,166:ae9a001517d39cec11e3fca85a902c1e}|Клапана|Поршневая группа (поршни,кольца,пальцы)  "СТК"|Клапана
{"#",d37179cf-8c0e-4a83-a8bb-e9ea4546fccd,166:ae9a001517d39cec11e3fca85a902c25}|Пальцы поршневые|Поршневая группа (поршни,кольца,пальцы)  "СТК"|Пальцы поршневые
{"#",d37179cf-8c0e-4a83-a8bb-e9ea4546fccd,166:ae9a001517d39cec11e3fca8608ad1a5}|Поршневая группа (поршни,кольца,пальцы)|Поршневая группа (поршни,кольца,пальцы)  "СТК"|Поршневая группа (поршни,кольца,пальцы)
{"#",d37179cf-8c0e-4a83-a8bb-e9ea4546fccd,166:ae9a001517d39cec11e3fca8608ad1ad}|Насосы водяные Fenox|Амортизаторы, барабаны тормозные и диски, насосы водяные, опоры шаровые, рул. наконечники, цепи|Насосы водяные
{"#",d37179cf-8c0e-4a83-a8bb-e9ea4546fccd,166:ae9a001517d39cec11e3fca8608ad1c0}|Опора верхняя стойки амортизатора HOLA|Автозапчасти "HOLA"|Опора верхняя стойки амортизатора
{"#",d37179cf-8c0e-4a83-a8bb-e9ea4546fccd,166:ae9a001517d39cec11e3fca8668c9e66}|Лампы габарит,стоп,поворот,салона,наборы Magneti Marelli|Автозапчасти "MAGNETI MARELLI"|Лампы габарит,стоп,поворот,салона,наборы Magneti Marelli
{"#",d37179cf-8c0e-4a83-a8bb-e9ea4546fccd,166:ae9a001517d39cec11e3fca8668c9e74}|Гидроцилиндры Hort|Автозапчасти "Hort"|Гидроцилиндры
{"#",d37179cf-8c0e-4a83-a8bb-e9ea4546fccd,166:ae9a001517d39cec11e3fca8668c9e7c}|Радиаторы (Лихославль)|Продукция концерна "Прамо" Россия|Радиаторы (Лихославль)
{"#",d37179cf-8c0e-4a83-a8bb-e9ea4546fccd,166:ae9a001517d39cec11e3fca8668c9e9a}|Амортизационные Стойки Fenox|Амортизаторы, барабаны тормозные и диски, насосы водяные, опоры шаровые, рул. наконечники, цепи|Амортизационные стойки
{"#",d37179cf-8c0e-4a83-a8bb-e9ea4546fccd,166:ae9a001517d39cec11e3fca872bb2242}|Колодки тормозные WEEN Toyota|Автозапчасти "WEEN Toyota Tsusho Corporation"|Колодки тормозные
{"#",d37179cf-8c0e-4a83-a8bb-e9ea4546fccd,166:ae9a001517d39cec11e3fca872bb224f}|Упоры газовые Magneti Marelli|Автозапчасти "MAGNETI MARELLI"|Упоры газовые Magneti Marelli
{"#",d37179cf-8c0e-4a83-a8bb-e9ea4546fccd,166:ae9a001517d39cec11e3fca872bb2268}|Ремни HOLA|Автозапчасти "HOLA"|Ремни
{"#",d37179cf-8c0e-4a83-a8bb-e9ea4546fccd,166:ae9a001517d39cec11e3fca878e7d957}|Рем. комплекты карбюратора|Прокладки и рем. комплекты карбюратора|Рем. комплекты карбюратора
{"#",d37179cf-8c0e-4a83-a8bb-e9ea4546fccd,166:ae9a001517d39cec11e3fca878e7d964}|Системы выпуска газов (отеч.)|Системы выпуска газов для отечественных автомобилей Украина|Системы выпуска газов (отеч.)
{"#",d37179cf-8c0e-4a83-a8bb-e9ea4546fccd,166:ae9a001517d39cec11e3fca88b3e4f94}|Рычаги и щетки стеклоочистителей (Ставрово)|Продукция концерна "Прамо" Россия|Рычаги и щетки стеклоочистителей (Ставрово)
{"#",d37179cf-8c0e-4a83-a8bb-e9ea4546fccd,166:ae9a001517d39cec11e3fca88b3e4fa6}|М2140 (АЗЛК)|Трубки тормозные|М2140 (АЗЛК)
{"#",d37179cf-8c0e-4a83-a8bb-e9ea4546fccd,166:ae9a001517d39cec11e3fca88b3e4faa}|М2140|Трубки тормозные|М2140
{"#",d37179cf-8c0e-4a83-a8bb-e9ea4546fccd,166:ae9a001517d39cec11e3fca88b3e4fb7}|412 ИЖ|Трубки тормозные|412 ИЖ
{"#",d37179cf-8c0e-4a83-a8bb-e9ea4546fccd,166:ae9a001517d39cec11e3fca88b3e4fbd}|Бачки омывателя, сцепления, тормозные|Бачки, пластик (Украина)|Бачки омывателя, сцепления, тормозные
{"#",d37179cf-8c0e-4a83-a8bb-e9ea4546fccd,166:ae9a001517d39cec11e3fca891559185}|Фильтры Finwhale|Автозапчасти "Finwhale"|Фильтры
{"#",d37179cf-8c0e-4a83-a8bb-e9ea4546fccd,166:ae9a001517d39cec11e3fca891559193}|Упоры газовые Finwhale|Автозапчасти "Finwhale"|Упоры газовые
{"#",d37179cf-8c0e-4a83-a8bb-e9ea4546fccd,166:ae9a001517d39cec11e3fca89155919a}|2110|Трубки тормозные|2110
{"#",d37179cf-8c0e-4a83-a8bb-e9ea4546fccd,166:ae9a001517d39cec11e3fca8915591a8}|Стеклоомыватели (Ставрово)|Продукция концерна "Прамо" Россия|Стеклоомыватели (Ставрово)
{"#",d37179cf-8c0e-4a83-a8bb-e9ea4546fccd,166:ae9a001517d39cec11e3fca8978e346b}|Сцепление HOLA|Автозапчасти "HOLA"|Сцепление
{"#",d37179cf-8c0e-4a83-a8bb-e9ea4546fccd,166:ae9a001517d39cec11e3fca8978e3475}|Шланги тормозные HOLA|Автозапчасти "HOLA"|Шланги тормозные
{"#",d37179cf-8c0e-4a83-a8bb-e9ea4546fccd,166:ae9a001517d39cec11e3fca8a388447f}|Свечи зажигания HOLA|Автозапчасти "HOLA"|Свечи зажигания
{"#",d37179cf-8c0e-4a83-a8bb-e9ea4546fccd,166:ae9a001517d39cec11e3fca8a98a114d}|Провода высоковольтные Platinize Hort|Автозапчасти "Hort"|Провода высоковольтные Platinize
{"#",d37179cf-8c0e-4a83-a8bb-e9ea4546fccd,166:ae9a001517d39cec11e3fca8afa3b589}|Подшипники качения Finwhale|Автозапчасти "Finwhale"|Подшипники качения Finwhale
{"#",d37179cf-8c0e-4a83-a8bb-e9ea4546fccd,166:ae9a001517d39cec11e3fca8afa3b590}|Катушки зажигания (АТЭ-1)|Генераторы, стартеры АТЭ-1|Катушки зажигания (АТЭ-1)
{"#",d37179cf-8c0e-4a83-a8bb-e9ea4546fccd,166:ae9a001517d39cec11e3fca8afa3b5a7}|Диски тормозные HOLA|Автозапчасти "HOLA"|Диски тормозные
{"#",d37179cf-8c0e-4a83-a8bb-e9ea4546fccd,166:ae9a001517d39cec11e3fca8b5a0bda8}|Кольца поршневые|Поршневая группа (поршни,кольца,пальцы)  "СТК"|Кольца поршневые
{"#",d37179cf-8c0e-4a83-a8bb-e9ea4546fccd,166:ae9a001517d39cec11e3fca8bbb33ac2}|Фильтры WEEN Toyota|Автозапчасти "WEEN Toyota Tsusho Corporation"|Фильтры
{"#",d37179cf-8c0e-4a83-a8bb-e9ea4546fccd,166:ae9a001517d39cec11e3fca8c7b936a5}|Катушка зажигания Magneti Marelli|Автозапчасти "MAGNETI MARELLI"|Катушка зажигания Magneti Marelli
{"#",d37179cf-8c0e-4a83-a8bb-e9ea4546fccd,166:ae9a001517d39cec11e3fca8c7b936bf}|Колодки тормозные Hort|Автозапчасти "Hort"|Колодки тормозные
{"#",d37179cf-8c0e-4a83-a8bb-e9ea4546fccd,166:ae9a001517d39cec11e3fca8c7b936c3}|Стартера Magneti Marelli|Автозапчасти "MAGNETI MARELLI"|Стартера Magneti Marelli
{"#",d37179cf-8c0e-4a83-a8bb-e9ea4546fccd,166:ae9a001517d39cec11e3fca8cdc6ef24}|Амортизаторы MAGNETI MARELLI|Автозапчасти "MAGNETI MARELLI"|Амортизаторы
{"#",d37179cf-8c0e-4a83-a8bb-e9ea4546fccd,166:ae9a001517d39cec11e3fca8d9c5c40e}|Элементы подвески  Кедр|Элементы подвески  "Кедр"|Элементы подвески  Кедр
{"#",d37179cf-8c0e-4a83-a8bb-e9ea4546fccd,166:ae9a001517d39cec11e3fca8d9c5c412}|Генераторы АТЭ-1 (Москва)|Продукция концерна "Прамо" Россия|Генераторы АТЭ-1 (Москва)
{"#",d37179cf-8c0e-4a83-a8bb-e9ea4546fccd,166:ae9a001517d39cec11e3fca8dfceb7be}|Цепи Fenox|Амортизаторы, барабаны тормозные и диски, насосы водяные, опоры шаровые, рул. наконечники, цепи|Цепи
{"#",d37179cf-8c0e-4a83-a8bb-e9ea4546fccd,166:ae9a001517d39cec11e3fca8dfceb7cb}|Распределители зажигания и комплектующие|Электрооборудование производства МЗАТЭ-2|Распределители зажигания и комплектующие
{"#",d37179cf-8c0e-4a83-a8bb-e9ea4546fccd,166:ae9a001517d39cec11e3fca8dfceb7cf}|Катушки и модули зажигания, свечные наконечники|Электрооборудование производства МЗАТЭ-2|Катушки и модули зажигания, свечные наконечники
{"#",d37179cf-8c0e-4a83-a8bb-e9ea4546fccd,166:ae9a001517d39cec11e3fca8dfceb7d3}|Сцепление Авто ЛТД|Диски сцепления, элементы подвески  "Авто ЛТД"|Сцепление
{"#",d37179cf-8c0e-4a83-a8bb-e9ea4546fccd,166:ae9a001517d39cec11e3fca8dfceb7d7}|Стеклоочистители|Продукция ООО "Завод Автоприбор"|Стеклоочистители
{"#",d37179cf-8c0e-4a83-a8bb-e9ea4546fccd,166:ae9a001517d39cec11e3fca8dfceb7e5}|Опоры шаровые Fenox|Амортизаторы, барабаны тормозные и диски, насосы водяные, опоры шаровые, рул. наконечники, цепи|Опоры шаровые
{"#",d37179cf-8c0e-4a83-a8bb-e9ea4546fccd,166:ae9a001517d39cec11e3fca8e5ce2226}|ГАЗ|Трубки тормозные|ГАЗ
{"#",d37179cf-8c0e-4a83-a8bb-e9ea4546fccd,166:ae9a001517d39cec11e3fca8ebc6659b}|Стартера|Электрооборудование: генераторы, стартера, свечи зажигания, провода высоковольтные|Стартера
{"#",d37179cf-8c0e-4a83-a8bb-e9ea4546fccd,166:ae9a001517d39cec11e3fca8f1c10b36}|Привод стартера WEEN|Автозапчасти "WEEN"|Привод стартера
{"#",d37179cf-8c0e-4a83-a8bb-e9ea4546fccd,166:ae9a001517d39cec11e3fca904178178}|ШРУС (Шарниры равных угловых скоростей) WEEN Toyota|Автозапчасти "WEEN Toyota Tsusho Corporation"|ШРУС (Шарниры равных угловых скоростей)
{"#",d37179cf-8c0e-4a83-a8bb-e9ea4546fccd,166:ae9a001517d39cec11e3fca9103c7be4}|Датчик массового расхода воздуха Magneti Marelli|Автозапчасти "MAGNETI MARELLI"|Датчик массового расхода воздуха Magneti Marelli
{"#",d37179cf-8c0e-4a83-a8bb-e9ea4546fccd,166:ae9a001517d39cec11e3fca91c401574}|Распределители зажигания (АТЭ-1)|Генераторы, стартеры АТЭ-1|Распределители зажигания (АТЭ-1)
{"#",d37179cf-8c0e-4a83-a8bb-e9ea4546fccd,166:ae9a001517d39cec11e3fca9223f7fd1}|Коммутаторы|Коммутаторы, регуляторы напряжения ВТН|Коммутаторы
{"#",d37179cf-8c0e-4a83-a8bb-e9ea4546fccd,166:ae9a001517d39cec11e3fca9283a2581}|Регуляторы напряжения|Коммутаторы, регуляторы напряжения ВТН|Регуляторы напряжения
{"#",d37179cf-8c0e-4a83-a8bb-e9ea4546fccd,166:ae9a001517d39cec11e3fca92e693f11}|Реле|Продукция ООО "Завод Автоприбор"|Реле
{"#",d37179cf-8c0e-4a83-a8bb-e9ea4546fccd,166:ae9a001517d39cec11e3fca9347e1e89}|Провода высоковольтные WEEN|Автозапчасти "WEEN"|Провода высоковольтные
{"#",d37179cf-8c0e-4a83-a8bb-e9ea4546fccd,166:ae9a001517d39cec11e3fca9347e1e9c}|2101-07|Трубки тормозные|2101-07
{"#",d37179cf-8c0e-4a83-a8bb-e9ea4546fccd,166:ae9a001517d39cec11e3fca93abde889}|Стартеры, приводы, втягивающие реле Элтра (Ржев)|Продукция концерна "Прамо" Россия|Стартеры, приводы, втягивающие реле Элтра (Ржев)
{"#",d37179cf-8c0e-4a83-a8bb-e9ea4546fccd,166:ae9a001517d39cec11e3fca93abde892}|Крестовины HOLA|Автозапчасти "HOLA"|Крестовины
{"#",d37179cf-8c0e-4a83-a8bb-e9ea4546fccd,166:ae9a001517d39cec11e3fca9471c1b6d}|Датчики|Электрооборудование: генераторы, стартера, свечи зажигания, провода высоковольтные|Датчики
{"#",d37179cf-8c0e-4a83-a8bb-e9ea4546fccd,166:ae9a001517d39cec11e3fca95345da8f}|Электробензонасосы WEEN Toyota|Автозапчасти "WEEN Toyota Tsusho Corporation"|Электробензонасосы
{"#",d37179cf-8c0e-4a83-a8bb-e9ea4546fccd,166:ae9a001517d39cec11e3fca95998b736}|Электродвигатели и электровентиляторы|Электрооборудование ОАО "Калужский завод АЭ "Автомобильного электрооборудования"|Электродвигатели и электровентиляторы
{"#",d37179cf-8c0e-4a83-a8bb-e9ea4546fccd,166:ae9a001517d39cec11e3fca983e34da0}|Датчики|Электрооборудование ОАО "Калужский завод "Автоприбор"|Датчики
{"#",d37179cf-8c0e-4a83-a8bb-e9ea4546fccd,166:ae9a001517d39cec11e3fca98a126705}|Упоры газовые Fenox|Амортизаторы, барабаны тормозные и диски, насосы водяные, опоры шаровые, рул. наконечники, цепи|Упоры газовые
{"#",d37179cf-8c0e-4a83-a8bb-e9ea4546fccd,166:ae9a001517d39cec11e3fca99688718e}|Тормозная жидкость Fenox|Гидроцилиндры|Тормозная жидкость
{"#",d37179cf-8c0e-4a83-a8bb-e9ea4546fccd,166:ae9a001517d39cec11e3fca9a8ce374e}|Насосы водяные HOLA|Автозапчасти "HOLA"|Насосы водяные
{"#",d37179cf-8c0e-4a83-a8bb-e9ea4546fccd,166:ae9a001517d39cec11e3fca9b4ddbc72}|Коврики резиновые Дубно|Коврики резиновые|Коврики резиновые Дубно
{"#",d37179cf-8c0e-4a83-a8bb-e9ea4546fccd,166:ae9a001517d39cec11e3fca9bafe87c6}|Датчик кислородный (Лямбда-зонд) Magneti Marelli|Автозапчасти "MAGNETI MARELLI"|Датчик кислородный (Лямбда-зонд) Magneti Marelli
{"#",d37179cf-8c0e-4a83-a8bb-e9ea4546fccd,166:ae9a001517d39cec11e3fca9df8c75b0}|Фонари|Светотехнические приборы|Фонари
{"#",d37179cf-8c0e-4a83-a8bb-e9ea4546fccd,166:ae9a001517d39cec11e3fca9f1cd76d4}|Радиаторы Fenox|Амортизаторы, барабаны тормозные и диски, насосы водяные, опоры шаровые, рул. наконечники, цепи|Радиаторы
{"#",d37179cf-8c0e-4a83-a8bb-e9ea4546fccd,166:ae9a001517d39cec11e3fca9f7ca7ec8}|Фильтры HOLA|Автозапчасти "HOLA"|Фильтры
{"#",d37179cf-8c0e-4a83-a8bb-e9ea4546fccd,166:ae9a001517d39cec11e3fcaa347514ef}|Электробензонасосы WEEN|Автозапчасти "WEEN"|Электробензонасосы
{"#",d37179cf-8c0e-4a83-a8bb-e9ea4546fccd,166:ae9a001517d39cec11e3fcaa5f131dbf}|Крестовины Fenox|Амортизаторы, барабаны тормозные и диски, насосы водяные, опоры шаровые, рул. наконечники, цепи|Крестовины
{"#",d37179cf-8c0e-4a83-a8bb-e9ea4546fccd,166:ae9a001517d39cec11e3fcaa89b12679}|Провода высоковольтные|Электрооборудование: генераторы, стартера, свечи зажигания, провода высоковольтные|Провода высоковольтные
{"#",d37179cf-8c0e-4a83-a8bb-e9ea4546fccd,166:ae9a001517d39cec11e3fcaaa81721de}|Сцепление Finwhale|Автозапчасти "Finwhale"|Сцепление
{"#",d37179cf-8c0e-4a83-a8bb-e9ea4546fccd,166:ae9a001517d39cec11e3fcaaa81721f4}|Датчики|Электрооборудование ОАО "Калужский завод "Автоприбор"|Датчики
{"#",d37179cf-8c0e-4a83-a8bb-e9ea4546fccd,166:ae9a001517d39cec11e3fcaad2db5058}|Термостаты (Ставрово)|Продукция концерна "Прамо" Россия|Термостаты (Ставрово)
{"#",d37179cf-8c0e-4a83-a8bb-e9ea4546fccd,166:ae9a001517d39cec11e3fcaad2db505f}|Тросовая проводка Лысково|Продукция "Лысковского электротехнического завода"|Тросовая проводка
{"#",d37179cf-8c0e-4a83-a8bb-e9ea4546fccd,166:ae9a001517d39cec11e3fcaad90342a6}|Свечи зажигания WEEN|Автозапчасти "WEEN"|Свечи зажигания
{"#",d37179cf-8c0e-4a83-a8bb-e9ea4546fccd,166:ae9a001517d39cec11e3fcaad90342ad}|Щетки стеклоочистителя WEEN|Автозапчасти "WEEN"|Щетки стеклоочистителя
{"#",d37179cf-8c0e-4a83-a8bb-e9ea4546fccd,166:ae9a001517d39cec11e3fcab33e8e9dd}|Насосы водяные WEEN|Автозапчасти "WEEN"|Насосы водяные
{"#",d37179cf-8c0e-4a83-a8bb-e9ea4546fccd,166:ae9a001517d39cec11e3fcabde27d488}|Системы выпуска газов UI|Системы выпуска газов|Системы выпуска газов UI
{"#",d37179cf-8c0e-4a83-a8bb-e9ea4546fccd,166:ae9a001517d39cec11e3fcac456bae9a}|Тормозные барабаны и диски Базальт|Гидроцилиндры, тормозные барабаны и диски|Тормозные барабаны и диски
{"#",d37179cf-8c0e-4a83-a8bb-e9ea4546fccd,166:ae9a001517d39cec11e3fcaca676e5df}|Свечи зажигания|Электрооборудование: генераторы, стартера, свечи зажигания, провода высоковольтные|Свечи зажигания
{"#",d37179cf-8c0e-4a83-a8bb-e9ea4546fccd,166:ae9a001517d39cec11e3fcacf5d9b294}|Элементы передней подвески Авто ЛТД|Диски сцепления, элементы подвески  "Авто ЛТД"|Элементы передней подвески
{"#",d37179cf-8c0e-4a83-a8bb-e9ea4546fccd,166:ae9a001517d39cec11e3fd01cc46f4f4}|Термостаты Fenox|Амортизаторы, барабаны тормозные и диски, насосы водяные, опоры шаровые, рул. наконечники, цепи|Термостаты
{"#",d37179cf-8c0e-4a83-a8bb-e9ea4546fccd,166:ae9a001517d39cec11e3fd02b66e2818}|Электродвигатели и электровентиляторы|Электрооборудование ОАО "Калужский завод АЭ "Автомобильного электрооборудования"|Электродвигатели и электровентиляторы
{"#",d37179cf-8c0e-4a83-a8bb-e9ea4546fccd,166:ae9a001517d39cec11e3fd02f873a670}|Пластик|Продукция завода ООО "Сызрань - пластик"|Пластик
{"#",d37179cf-8c0e-4a83-a8bb-e9ea4546fccd,166:ae9a001517d39cec11e3fd034c9d8934}|Указатели поворотов, подфарники|Светотехнические приборы|Указатели поворотов, подфарники
{"#",d37179cf-8c0e-4a83-a8bb-e9ea4546fccd,166:ae9a001517d39cec11e3fd03529cf3d5}|Элементы задней подвески Авто ЛТД|Диски сцепления, элементы подвески  "Авто ЛТД"|Элементы задней подвески
{"#",d37179cf-8c0e-4a83-a8bb-e9ea4546fccd,166:ae9a001517d39cec11e3fd0370b1df63}|Пластик|Бачки, пластик (Украина)|Пластик
{"#",d37179cf-8c0e-4a83-a8bb-e9ea4546fccd,166:ae9a001517d39cec11e3fd0388ad26ad}|Регуляторы напряжения, реле, втулки стартера|Электрооборудование ЗАО "Калужский завод Энергомаш"|Регуляторы напряжения, реле, втулки стартера
{"#",d37179cf-8c0e-4a83-a8bb-e9ea4546fccd,166:ae9a001517d39cec11e3fd03eea599d0}|Стартера|Электрооборудование производства Завод им.Тарасова|Стартера
{"#",d37179cf-8c0e-4a83-a8bb-e9ea4546fccd,166:ae9a001517d39cec11e3fd045ae7607c}|Щетки стеклоочистители|Продукция ООО "Завод Автоприбор"|Щетки стеклоочистители
{"#",d37179cf-8c0e-4a83-a8bb-e9ea4546fccd,166:ae9a001517d39cec11e3fd045ae7608e}|Рычаги стеклоочистителя|Продукция ООО "Завод Автоприбор"|Рычаги стеклоочистителя
{"#",d37179cf-8c0e-4a83-a8bb-e9ea4546fccd,166:ae9a001517d39cec11e3fd0490d6324f}|Звуковые сигналы Лысково|Продукция "Лысковского электротехнического завода"|Звуковые сигналы
{"#",d37179cf-8c0e-4a83-a8bb-e9ea4546fccd,166:ae9a001517d39cec11e3fd0490d6325b}|Крестовины WEEN|Автозапчасти "WEEN Toyota Tsusho Corporation"|Крестовины WEEN
{"#",d37179cf-8c0e-4a83-a8bb-e9ea4546fccd,166:ae9a001517d39cec11e3fd04c0dd716b}|Спидометры, тахометры|Продукция ООО "Завод Автоприбор"|Спидометры, тахометры
{"#",d37179cf-8c0e-4a83-a8bb-e9ea4546fccd,166:ae9a001517d39cec11e3fd04f6d107ea}|Колодки тормозные Авто ЛТД|Диски сцепления, элементы подвески  "Авто ЛТД"|Колодки тормозные
{"#",d37179cf-8c0e-4a83-a8bb-e9ea4546fccd,166:ae9a001517d39cec11e3fd04f6d10814}|Комбинации приборов|Продукция ООО "Завод Автоприбор"|Комбинации приборов
{"#",d37179cf-8c0e-4a83-a8bb-e9ea4546fccd,166:ae9a001517d39cec11e3fd0508c5bdaa}|Валы гибкие спидометра Лысково|Продукция "Лысковского электротехнического завода"|Валы гибкие спидометра
{"#",d37179cf-8c0e-4a83-a8bb-e9ea4546fccd,166:ae9a001517d39cec11e3fd0532e0a52f}|Шприцы смазочные, заправочные (Ставрово)|Продукция концерна "Прамо" Россия|Шприцы смазочные, заправочные (Ставрово)
{"#",d37179cf-8c0e-4a83-a8bb-e9ea4546fccd,166:ae9a001517d39cec11e3fd057afb02e6}|Указатели|Продукция ООО "Завод Автоприбор"|Указатели
{"#",d37179cf-8c0e-4a83-a8bb-e9ea4546fccd,166:ae9a001517d39cec11e3fd0580fccfc8}|Коммутаторы и регуляторы напряжения|Электрооборудование ОАО "Калужский завод "Автоприбор"|Коммутаторы и регуляторы напряжения
{"#",d37179cf-8c0e-4a83-a8bb-e9ea4546fccd,166:ae9a001517d39cec11e3fd05b762d758}|Стеклоочистители|Продукция ООО "Завод Автоприбор"|Стеклоочистители
{"#",d37179cf-8c0e-4a83-a8bb-e9ea4546fccd,166:ae9a001517d39cec11e3fd05c3640e52}|Реле|Продукция ООО "Завод Автоприбор"|Реле
{"#",d37179cf-8c0e-4a83-a8bb-e9ea4546fccd,166:ae9a001517d39cec11e3fd05cf5e1e7d}|Насосы топливные|Насосы топливные ООО ПТО "Гея"|Насосы топливные
{"#",d37179cf-8c0e-4a83-a8bb-e9ea4546fccd,166:ae9a001517d39cec11e3fd05d55b2659}|Генераторы|Электрооборудование производства Завод им.Тарасова|Генераторы
{"#",d37179cf-8c0e-4a83-a8bb-e9ea4546fccd,166:ae9a001517d39cec11e3fd05f9ca15b8}|Выключатели, датчики и регуляторы освещения Лысково|Продукция "Лысковского электротехнического завода"|Выключатели, датчики и регуляторы освещения
{"#",d37179cf-8c0e-4a83-a8bb-e9ea4546fccd,166:ae9a001517d39cec11e3fd060c065204}|Лампы и плафоны|Светотехнические приборы|Лампы и плафоны
{"#",d37179cf-8c0e-4a83-a8bb-e9ea4546fccd,166:ae9a001517d39cec11e3fd0679d64164}|Стеклоподъемники|Электрооборудование ОАО "Калужский завод АЭ "Автомобильного электрооборудования"|Стеклоподъемники
{"#",d37179cf-8c0e-4a83-a8bb-e9ea4546fccd,166:ae9a001517d39cec11e3fd0685d2b3bf}|Стеклоомыватели|Электрооборудование ОАО "Калужский завод АЭ "Автомобильного электрооборудования"|Стеклоомыватели
{"#",d37179cf-8c0e-4a83-a8bb-e9ea4546fccd,166:ae9a001517d39cec11e3fd0685d2b3dc}|Переключатели Лысково|Продукция "Лысковского электротехнического завода"|Переключатели
{"#",d37179cf-8c0e-4a83-a8bb-e9ea4546fccd,166:ae9a001517d39cec11e3fd068c0db8f4}|Переключатели и выключатели клавишные|Продукция ОАО "Автоарматура"|Переключатели и выключатели клавишные
{"#",d37179cf-8c0e-4a83-a8bb-e9ea4546fccd,166:ae9a001517d39cec11e3fd06aa656676}|Переключатели и выключатели кнопочные|Продукция ОАО "Автоарматура"|Переключатели и выключатели кнопочные
{"#",d37179cf-8c0e-4a83-a8bb-e9ea4546fccd,166:ae9a001517d39cec11e3fd06b6b08685}|Мотор-редуктор и сопротивление Лысково|Продукция "Лысковского электротехнического завода"|Мотор-редуктор и сопротивление
{"#",d37179cf-8c0e-4a83-a8bb-e9ea4546fccd,166:ae9a001517d39cec11e3fd06bcb717d6}|Блоки предохранителей и предохранители Лысково|Продукция "Лысковского электротехнического завода"|Блоки предохранителей и предохранители
{"#",d37179cf-8c0e-4a83-a8bb-e9ea4546fccd,166:ae9a001517d39cec11e3fd06bcb717e6}|Замки зажигания|Продукция ОАО "Автоарматура"|Замки зажигания
{"#",d37179cf-8c0e-4a83-a8bb-e9ea4546fccd,166:ae9a001517d39cec11e3fd0723de55d3}|Переключатели и выключатели поворотные|Продукция ОАО "Автоарматура"|Переключатели и выключатели поворотные
{"#",d37179cf-8c0e-4a83-a8bb-e9ea4546fccd,166:ae9a001517d39cec11e3fd074e812343}|Лампа|Продукция ОАО "Автоарматура"|Лампа
{"#",d37179cf-8c0e-4a83-a8bb-e9ea4546fccd,166:ae9a001517d39cec11e3fd074e812351}|Антенны телескопические и штыревые|Продукция ОАО "Автоарматура"|Антенны телескопические и штыревые
{"#",d37179cf-8c0e-4a83-a8bb-e9ea4546fccd,166:b7df001517d39cec11e77dcd3c83f2dd}|Патрубки сапуна Hort|Автозапчасти "Hort"|Патрубки сапуна
{"#",d37179cf-8c0e-4a83-a8bb-e9ea4546fccd,166:b7df001517d39cec11e77dd291206334}|Подушки штанги стабилизатора HORT|Автозапчасти "Hort"|Подушки штаги  стабілізатора HORT
{"#",d37179cf-8c0e-4a83-a8bb-e9ea4546fccd,166:b7df001517d39cec11e77e6b4b2cbab4}|Втулки амортизатора HORT|Автозапчасти "Hort"|Втулки амортизатора HORT
